{
  "opts": {
    "template": "node_modules/jaguarjs-jsdoc"
  },
  "templates": {
    "applicationName": "Barba.js",
    "disqus": "",
    "googleAnalytics": "UA-73202407-1",
    "openGraph": {
      "title": "Barba.js",
      "type": "website",
      "image": "",
      "site_name": "Barba.js",
      "url": "http://barba.js.org/v1"
    },
    "meta": {
      "title": "Barba.js",
      "description": "barba.js it's a small, flexible and dependency free library that helps you creating fluid and smooth transition between your website's pages.",
      "keyword": "pjax, ajax, barba.js, transitions"
    },
    "linenums": true
  }
}
